	Id	TotalCm	ViewCount
0	1	15	6648.0
1	2	19	1732.0
2	4	22	8317.0
3	6	4	1905.0
4	11	22	1536.0
5	14	3	1922.0
6	16	19	1024.0
7	26	14	1950.0
8	30	14	3620.0
9	31	13	3267.0
10	32	11	653.0
11	36	2	796.0
12	56	9	1179.0
13	63	9	3222.0
14	74	5	1734.0
15	83	6	1223.0
16	85	6	1619.0
17	86	8	2236.0
18	87	7	1018.0
19	90	7	2309.0
20	99	12	3522.0
21	127	9	1908.0
22	130	20	6169.0
23	138	3	1242.0
24	139	5	319.0
25	141	10	3204.0
26	156	4	639.0
27	160	28	10826.0
28	161	6	5719.0
29	166	11	2287.0
30	170	15	370.0
31	177	23	2566.0
32	178	10	1862.0
33	191	1	1110.0
34	193	19	3851.0
35	201	11	622.0
36	204	2	851.0
37	210	18	3391.0
38	214	9	2213.0
39	215	9	4015.0
40	222	5	1543.0
41	223	12	2496.0
42	226	8	1060.0
43	235	24	1087.0
44	236	11	699.0
45	237	8	525.0
46	240	19	5197.0
47	249	19	1796.0
48	250	3	583.0
49	256	3	219.0
50	258	3	1356.0
51	259	5	869.0
52	264	7	496.0
53	269	41	4865.0
54	285	19	1716.0
55	287	13	1789.0
56	291	9	2075.0
57	297	15	513.0
58	301	12	9752.0
59	309	11	2495.0
60	323	3	1185.0
61	345	20	457.0
62	353	11	2657.0
63	355	6	1000.0
64	360	2	398.0
65	364	10	1797.0
66	366	11	1900.0
67	370	9	1457.0
68	375	6	8338.0
69	381	2	175.0
70	391	9	1421.0
71	397	13	2626.0
72	411	3	922.0
73	414	6	2019.0
74	422	4	1083.0
75	429	3	1110.0
76	432	5	1274.0
77	439	13	1893.0
78	443	21	4785.0
79	448	8	1271.0
80	458	6	510.0
81	459	5	1051.0
82	465	9	1464.0
83	468	6	1393.0
84	471	11	1237.0
85	474	3	307.0
86	479	11	1030.0
87	481	3	2949.0
88	486	10	554.0
89	491	2	924.0
90	494	2	805.0
91	495	8	445.0
92	499	17	835.0
93	500	30	2498.0
94	510	5	1859.0
95	511	11	681.0
96	515	12	670.0
97	526	7	1526.0
98	536	15	6827.0
99	538	2	2815.0
100	540	1	1009.0
101	544	9	4533.0
102	545	14	2331.0
103	548	5	727.0
104	556	9	1958.0
105	564	16	1426.0
106	569	5	228.0
107	571	9	1180.0
108	573	4	1345.0
109	577	26	9215.0
110	583	7	695.0
111	589	22	693.0
112	591	4	1027.0
113	596	9	1612.0
114	603	13	3032.0
115	604	5	5435.0
116	613	6	613.0
117	615	16	1076.0
118	619	5	1390.0
119	623	15	2942.0
120	626	12	895.0
121	627	8	2805.0
122	631	5	947.0
123	633	8	1244.0
124	634	17	6720.0
125	635	1	694.0
126	637	6	636.0
127	638	15	3298.0
128	641	3	1984.0
129	645	3	1848.0
130	646	6	246.0
131	662	5	436.0
132	663	127	20895.0
133	677	5	5381.0
134	680	8	780.0
135	683	14	4330.0
136	697	31	3491.0
137	703	34	3714.0
138	718	15	10306.0
139	735	14	2030.0
140	736	14	754.0
141	752	7	1823.0
142	762	9	1581.0
143	764	11	1290.0
144	766	23	6724.0
145	775	37	12145.0
146	789	9	1364.0
147	796	20	1857.0
148	807	26	5517.0
149	814	8	4057.0
150	816	6	593.0
151	820	33	9931.0
152	825	11	966.0
153	851	10	768.0
154	856	12	1919.0
155	863	12	3721.0
156	864	32	2090.0
157	869	21	11863.0
158	875	14	9898.0
159	901	22	4080.0
160	904	14	3196.0
161	905	12	3673.0
162	918	14	3461.0
163	923	7	689.0
164	924	18	230.0
165	930	10	1245.0
166	951	25	18346.0
167	959	19	5591.0
168	975	46	15845.0
169	986	22	8453.0
170	993	51	19466.0
171	994	9	2695.0
172	1023	16	1282.0
173	1030	15	1939.0
174	1048	18	2889.0
175	1052	14	990.0
176	1057	21	2185.0
177	1069	10	1471.0
178	1072	7	4251.0
179	1082	13	2059.0
180	1087	34	3969.0
181	1094	5	3507.0
182	1099	20	28428.0
183	1107	7	3026.0
184	1114	10	1354.0
185	1123	8	1191.0
186	1127	7	950.0
187	1131	33	3436.0
188	1139	25	12943.0
189	1148	27	13312.0
190	1156	18	16646.0
191	1163	24	23231.0
192	1183	14	5466.0
193	1186	9	1295.0
194	1187	8	1170.0
195	1193	7	2731.0
196	1199	11	3947.0
197	1207	6	2648.0
198	1216	34	2912.0
199	1219	7	1767.0
200	1244	9	920.0
201	1250	20	2462.0
202	1255	9	592.0
203	1257	16	1073.0
204	1261	7	3945.0
205	1272	41	16161.0
206	1290	2	578.0
207	1292	9	472.0
208	1299	4	1875.0
209	1302	2	843.0
210	1307	44	12616.0
211	1319	14	981.0
212	1325	20	1627.0
213	1326	13	4614.0
214	1333	7	778.0
215	1338	6	808.0
216	1350	6	1334.0
217	1354	21	3278.0
218	1363	11	1754.0
219	1366	18	2958.0
220	1370	9	485.0
221	1371	4	557.0
222	1389	3	1883.0
223	1399	54	5813.0
224	1419	4	929.0
225	1425	13	1889.0
226	1426	8	2006.0
227	1432	12	603.0
228	1435	18	889.0
229	1443	30	1230.0
230	1455	7	10967.0
231	1456	75	18071.0
232	1467	27	5656.0
233	1478	11	985.0
234	1480	21	2729.0
235	1489	30	7912.0
236	1502	25	5351.0
237	1521	21	4196.0
238	1535	9	5954.0
239	1536	9	5975.0
240	1539	72	18505.0
241	1543	5	3422.0
242	1556	64	35245.0
243	1567	5	2452.0
244	1573	20	6032.0
245	1585	89	29936.0
246	1586	29	8568.0
247	1623	8	621.0
248	1633	7	2096.0
249	1642	16	786.0
250	1656	3	640.0
251	1670	9	810.0
252	1671	40	5748.0
253	1676	14	1538.0
254	1689	4	312.0
255	1694	16	2565.0
256	1696	9	1669.0
257	1699	5	476.0
258	1700	6	1680.0
259	1701	4	1076.0
260	1713	23	1774.0
261	1720	18	1422.0
262	1722	18	4071.0
263	1730	6	2518.0
264	1737	53	25688.0
265	1752	8	1879.0
266	1773	8	2292.0
267	1775	19	4620.0
268	1780	24	18531.0
269	1782	10	979.0
270	1787	17	5488.0
271	1800	32	6914.0
272	1804	17	29386.0
273	1816	4	2356.0
274	1819	56	7150.0
275	1841	18	17997.0
276	1842	8	376.0
277	1850	4	259.0
278	1851	22	5681.0
279	1853	38	12832.0
280	1874	36	14105.0
281	1887	15	3174.0
282	1894	46	27143.0
283	1911	13	2521.0
284	1913	39	6783.0
285	1936	13	381.0
286	1943	3	1601.0
287	1948	73	9850.0
288	1952	14	4029.0
289	1959	49	17754.0
290	1960	45	14187.0
291	1964	34	7534.0
292	1980	6	1515.0
293	1981	14	1346.0
294	1986	18	1698.0
295	1992	6	234.0
296	2001	11	245.0
297	2002	14	7069.0
298	2006	11	3424.0
299	2033	57	25935.0
300	2047	22	5872.0
301	2061	44	8686.0
302	2092	13	1708.0
303	2115	42	16151.0
304	2137	16	1281.0
305	2150	35	2564.0
306	2151	19	1891.0
307	2169	6	2000.0
308	2172	40	9179.0
309	2183	18	9044.0
310	2204	9	7380.0
311	2211	18	3626.0
312	2217	36	6606.0
313	2223	57	18137.0
314	2232	29	11578.0
315	2235	48	7741.0
316	2276	5	527.0
317	2278	33	2749.0
318	2297	14	2297.0
319	2298	18	10229.0
320	2306	35	4288.0
321	2312	52	9891.0
322	2337	9	378.0
323	2340	27	14841.0
324	2342	35	9318.0
325	2344	14	3742.0
326	2353	10	4674.0
327	2355	13	3955.0
328	2358	39	3828.0
329	2361	58	22108.0
330	2374	14	1181.0
331	2378	7	1737.0
332	2380	9	1850.0
333	2382	25	10313.0
334	2405	26	8260.0
335	2426	15	2754.0
336	2435	72	14827.0
337	2456	13	1295.0
338	2459	6	563.0
339	2463	21	15950.0
340	2467	3	472.0
341	2472	12	839.0
342	2475	8	632.0
343	2488	8	1089.0
344	2494	27	905.0
345	2498	6	3395.0
346	2516	19	10896.0
347	2525	48	11138.0
348	2534	6	712.0
349	2536	19	1312.0
350	2539	39	8329.0
351	2541	21	4468.0
352	2542	15	1283.0
353	2547	9	244.0
354	2568	10	5212.0
355	2580	46	8342.0
356	2581	13	174.0
357	2587	20	9297.0
358	2615	9	6928.0
359	2626	13	3514.0
360	2629	7	664.0
361	2632	25	11422.0
362	2636	12	1717.0
363	2639	9	658.0
364	2642	30	3103.0
365	2651	19	2863.0
366	2686	16	1922.0
367	2687	21	6488.0
368	2699	34	47070.0
369	2714	26	6859.0
370	2719	48	14769.0
371	2720	39	5028.0
372	2737	25	11630.0
373	2750	49	16753.0
374	2751	81	11915.0
375	2761	41	6399.0
376	2768	5	432.0
377	2769	8	2508.0
378	2776	17	1805.0
379	2785	12	987.0
380	2802	50	12770.0
381	2817	8	352.0
382	2827	11	914.0
383	2849	3	313.0
384	2853	9	479.0
385	2868	45	6856.0
386	2874	12	1498.0
387	2883	54	22820.0
388	2884	24	5211.0
389	2886	13	880.0
390	2897	50	7356.0
391	2929	13	3516.0
392	2938	10	1038.0
393	2944	8	895.0
394	2949	19	3796.0
395	2951	25	16644.0
396	2954	22	3986.0
397	2958	15	2074.0
398	2970	34	12304.0
399	2977	9	1320.0
400	2991	22	10400.0
401	3002	16	1495.0
402	3016	7	460.0
403	3017	23	4432.0
404	3033	33	6052.0
405	3043	19	2601.0
406	3046	17	3400.0
407	3049	7	1112.0
408	3053	20	7513.0
409	3060	16	3611.0
410	3066	9	2247.0
411	3075	14	7583.0
412	3083	11	522.0
413	3086	7	3363.0
414	3087	8	2130.0
415	3092	12	1930.0
416	3093	3	1035.0
417	3095	54	2317.0
418	3097	35	23258.0
419	3103	15	587.0
420	3117	12	3462.0
421	3131	7	5666.0
422	3135	2	599.0
423	3141	33	6221.0
424	3142	6	4307.0
425	3144	12	1306.0
426	3148	2	1262.0
427	3150	11	246.0
428	3162	16	1874.0
429	3164	15	7181.0
430	3187	7	347.0
431	3189	5	477.0
432	3192	7	703.0
433	3204	11	1192.0
434	3213	65	23782.0
435	3214	8	602.0
436	3220	21	1265.0
437	3221	39	49569.0
438	3223	34	4048.0
439	3253	19	18483.0
440	3261	6	1014.0
441	3264	10	840.0
442	3265	13	841.0
443	3274	45	14091.0
444	3280	14	349.0
445	3294	36	11692.0
446	3297	19	1033.0
447	3319	10	1655.0
448	3322	19	7194.0
449	3327	15	9508.0
450	3333	23	2685.0
451	3344	16	564.0
452	3348	18	5991.0
453	3361	4	893.0
454	3362	12	492.0
455	3379	19	14539.0
456	3385	21	20824.0
457	3390	1	242.0
458	3418	13	1032.0
459	3419	5	1811.0
460	3428	21	990.0
461	3429	39	18146.0
462	3448	9	1888.0
463	3453	31	6950.0
464	3457	54	18380.0
465	3466	25	354.0
466	3475	22	8341.0
467	3489	17	5081.0
468	3497	32	671.0
469	3501	7	852.0
470	3506	6	2272.0
471	3512	31	2719.0
472	3534	18	4655.0
473	3539	14	1054.0
474	3547	33	15761.0
475	3550	5	610.0
476	3560	45	10139.0
477	3568	12	2180.0
478	3573	96	19391.0
479	3588	19	5350.0
480	3610	18	3766.0
481	3611	10	474.0
482	3622	4	1814.0
483	3636	26	3002.0
484	3639	16	2071.0
485	3645	13	1027.0
486	3654	21	3387.0
487	3658	26	44919.0
488	3667	27	8405.0
489	3680	11	1300.0
490	3681	18	1633.0
491	3682	73	16729.0
492	3689	3	1974.0
493	3692	10	792.0
494	3697	37	18630.0
495	3702	19	777.0
496	3728	6	1807.0
497	3736	7	1284.0
498	3744	29	3229.0
499	3750	19	807.0
500	3751	21	1220.0
501	3761	12	10850.0
502	3762	15	13978.0
503	3770	19	2186.0
504	3786	17	1883.0
505	3793	7	1591.0
506	3794	9	2637.0
507	3807	45	9934.0
508	3812	20	6866.0
509	3815	5	1482.0
510	3822	24	2752.0
511	3832	21	1863.0
512	3833	40	10473.0
513	3840	25	2010.0
514	3841	18	2613.0
515	3863	8	985.0
516	3869	11	2861.0
517	3874	34	35676.0
518	3884	3	1175.0
519	3887	18	757.0
520	3893	10	579.0
521	3899	14	3371.0
522	3905	8	919.0
523	3906	50	8798.0
524	3913	14	1983.0
525	3932	9	957.0
526	3933	13	5809.0
527	3938	28	5242.0
528	3944	40	14678.0
529	3952	31	12842.0
530	3981	27	26042.0
531	3994	16	5538.0
532	3996	18	4354.0
533	4003	7	653.0
534	4005	9	1243.0
535	4007	2	1147.0
536	4009	5	1724.0
537	4012	5	483.0
538	4015	19	6485.0
539	4043	7	1689.0
540	4045	42	5609.0
541	4056	4	267.0
542	4069	31	6325.0
543	4087	21	2300.0
544	4089	17	642.0
545	4092	50	7198.0
546	4100	31	11354.0
547	4108	10	1627.0
548	4120	14	7631.0
549	4128	19	12197.0
550	4131	26	1182.0
551	4133	14	609.0
552	4143	13	4378.0
553	4147	41	13510.0
554	4152	33	1259.0
555	4156	27	8704.0
556	4164	10	6307.0
557	4189	22	2030.0
558	4204	18	651.0
559	4211	22	6738.0
560	4212	8	1568.0
561	4216	47	5132.0
562	4225	51	11695.0
563	4233	13	1788.0
564	4238	91	22636.0
565	4260	11	1993.0
566	4269	35	6851.0
567	4275	19	40945.0
568	4276	9	5932.0
569	4277	32	12489.0
570	4294	4	349.0
571	4298	27	23555.0
572	4302	20	914.0
573	4306	24	1609.0
574	4315	2	387.0
575	4328	6	808.0
576	4334	33	3911.0
577	4346	11	1475.0
578	4350	74	25870.0
579	4365	29	3342.0
580	4372	4	2665.0
581	4378	12	1447.0
582	4381	4	474.0
583	4383	9	1333.0
584	4386	21	6489.0
585	4401	25	3834.0
586	4407	61	10749.0
587	4425	61	21095.0
588	4443	19	2098.0
589	4451	46	10815.0
590	4480	9	3096.0
591	4492	8	336.0
592	4498	20	2885.0
593	4504	20	3616.0
594	4521	18	1354.0
595	4536	15	1458.0
596	4540	15	1462.0
597	4545	9	693.0
598	4573	19	7689.0
599	4592	27	6692.0
600	4610	73	26418.0
601	4618	27	4288.0
602	4632	47	11916.0
603	4639	1	334.0
604	4661	16	6042.0
605	4664	4	1449.0
606	4669	8	2772.0
607	4670	59	11781.0
608	4672	43	1295.0
609	4687	12	883.0
610	4703	28	4846.0
611	4709	11	628.0
612	4716	5	651.0
613	4728	80	14087.0
614	4734	45	20039.0
615	4769	4	2398.0
616	4772	11	459.0
617	4773	11	2992.0
618	4776	53	2340.0
619	4792	4	448.0
620	4796	5	602.0
621	4797	14	992.0
622	4804	40	13892.0
623	4811	15	1250.0
624	4812	20	12221.0
625	4815	15	5679.0
626	4842	102	32228.0
627	4852	20	2166.0
628	4872	48	14326.0
629	4918	21	8986.0
630	4920	25	3453.0
631	4937	16	2756.0
632	4949	15	2327.0
633	4951	44	15474.0
634	4961	12	635.0
635	4972	67	30621.0
636	4991	13	485.0
637	4992	14	3792.0
638	4996	48	16555.0
639	5004	7	2090.0
640	5020	14	2120.0
641	5032	39	8673.0
642	5036	14	5790.0
643	5045	20	3631.0
644	5050	43	19248.0
645	5060	15	1899.0
646	5065	41	9175.0
647	5092	8	217.0
648	5101	8	4583.0
649	5103	9	582.0
650	5116	15	467.0
651	5117	45	16187.0
652	5141	17	2274.0
653	5143	30	4771.0
654	5149	21	4386.0
655	5164	17	1299.0
656	5171	24	23195.0
657	5174	53	16155.0
658	5199	8	1320.0
659	5203	68	23022.0
660	5216	10	2595.0
661	5220	28	12323.0
662	5222	50	7817.0
663	5236	33	12612.0
664	5247	46	13747.0
665	5269	20	605.0
666	5274	41	12452.0
667	5286	15	4908.0
668	5306	34	5193.0
669	5307	20	1766.0
670	5314	17	615.0
671	5315	29	6545.0
672	5326	53	13666.0
673	5346	8	293.0
674	5347	5	386.0
675	5352	17	2900.0
676	5362	25	5183.0
677	5367	25	3125.0
678	5382	10	455.0
679	5388	16	9882.0
680	5391	35	7743.0
681	5398	37	3705.0
682	5420	18	12649.0
683	5421	34	22117.0
684	5435	33	9858.0
685	5443	7	4155.0
686	5467	11	693.0
687	5481	39	3758.0
688	5488	15	3769.0
689	5492	14	1535.0
690	5502	79	30162.0
691	5504	34	8509.0
692	5505	5	327.0
693	5514	27	10825.0
694	5515	96	31387.0
695	5532	13	942.0
696	5536	11	1410.0
697	5543	30	19619.0
698	5546	4	326.0
699	5553	39	8945.0
700	5560	46	12087.0
701	5564	6	8943.0
702	5571	10	1952.0
703	5638	12	535.0
704	5639	7	3476.0
705	5661	10	1202.0
706	5668	4	442.0
707	5682	8	753.0
708	5683	41	30745.0
709	5692	1	316.0
710	5703	18	2014.0
711	5707	6	1094.0
712	5710	5	2117.0
713	5711	4	20744.0
714	5716	13	10839.0
715	5727	12	1389.0
716	5737	28	1020.0
717	5751	10	1373.0
718	5759	41	35559.0
719	5765	4	426.0
720	5773	28	3474.0
721	5781	30	1295.0
722	5798	17	4133.0
723	5804	40	14579.0
724	5826	17	9888.0
725	5831	8	441.0
726	5835	32	1733.0
727	5847	8	916.0
728	5850	15	2024.0
729	5860	45	19828.0
730	5873	27	11721.0
731	5884	5	2053.0
732	5891	5	521.0
733	5894	31	8518.0
734	5900	43	14432.0
735	5907	6	1892.0
736	5921	23	6146.0
737	5930	9	2555.0
738	5931	27	3144.0
739	5945	4	1548.0
740	5951	19	6817.0
741	5966	15	660.0
742	5967	14	14224.0
743	5971	9	1613.0
744	5977	28	1542.0
745	5978	8	821.0
746	5993	41	8837.0
747	5996	32	17336.0
748	6005	32	10515.0
749	6011	17	1375.0
750	6020	16	616.0
751	6030	27	6121.0
752	6036	22	17873.0
753	6046	21	26028.0
754	6054	13	449.0
755	6069	5	315.0
756	6080	35	46050.0
757	6092	4	321.0
758	6109	16	1531.0
759	6112	5	343.0
760	6113	20	15482.0
761	6127	27	2788.0
762	6132	9	1000.0
763	6136	7	4643.0
764	6147	2	655.0
765	6153	13	1766.0
766	6160	14	1451.0
767	6162	18	27358.0
768	6164	30	10748.0
769	6166	6	2052.0
770	6181	4	226.0
771	6191	10	472.0
772	6202	31	2973.0
773	6206	7	272.0
774	6208	4	682.0
775	6214	12	1584.0
776	6217	6	4121.0
777	6243	3	643.0
778	6245	6	6076.0
779	6254	11	2645.0
780	6260	15	3309.0
781	6261	5	595.0
782	6266	7	935.0
783	6272	6	152.0
784	6275	4	379.0
785	6276	17	2080.0
786	6277	9	535.0
787	6286	5	165.0
788	6287	17	2180.0
789	6298	16	1463.0
790	6311	16	516.0
791	6320	16	1921.0
792	6321	1	1042.0
793	6326	46	36766.0
794	6333	15	466.0
795	6341	18	5071.0
796	6356	13	1358.0
797	6363	5	1304.0
798	6371	19	788.0
799	6375	41	9968.0
800	6385	9	435.0
801	6389	13	11626.0
802	6392	16	653.0
803	6396	11	9008.0
804	6398	47	16910.0
805	6422	17	2254.0
806	6423	22	784.0
807	6432	2	407.0
808	6436	20	1200.0
809	6449	38	38126.0
810	6456	46	19453.0
811	6476	5	875.0
812	6481	30	8696.0
813	6487	30	1987.0
814	6488	8	410.0
815	6505	35	5679.0
816	6523	6	510.0
817	6533	44	18455.0
818	6541	7	497.0
819	6550	9	438.0
820	6560	38	12443.0
821	6565	54	12375.0
822	6574	9	684.0
823	6581	23	3076.0
824	6588	22	30867.0
825	6601	8	3249.0
826	6605	9	246.0
827	6627	14	4639.0
828	6630	12	4080.0
829	6654	25	4202.0
830	6658	13	713.0
831	6663	9	828.0
832	6680	6	3136.0
833	6692	7	398.0
834	6695	10	2673.0
835	6697	21	20253.0
836	6728	7	353.0
837	6732	8	833.0
838	6736	22	1108.0
839	6737	11	578.0
840	6753	25	13364.0
841	6754	12	556.0
842	6762	10	867.0
843	6764	20	8492.0
844	6782	13	1082.0
845	6784	17	14502.0
846	6788	15	3276.0
847	6790	15	2247.0
848	6800	5	3116.0
849	6804	5	1593.0
850	6810	14	2296.0
851	6812	7	1756.0
852	6814	40	18238.0
853	6817	22	9785.0
854	6826	6	5440.0
855	6827	59	9531.0
856	6831	9	1250.0
857	6844	12	9323.0
858	6863	6	1683.0
859	6880	17	15099.0
860	6882	16	9117.0
861	6898	37	6032.0
862	6916	17	8401.0
863	6928	15	4001.0
864	6930	6	1397.0
865	6936	6	285.0
866	6940	7	907.0
867	6941	6	868.0
868	6946	6	324.0
869	6953	12	1005.0
870	6979	32	2588.0
871	6982	16	2388.0
872	6984	12	1467.0
873	6985	9	550.0
874	6989	8	829.0
875	6999	18	8426.0
876	7010	25	9534.0
877	7030	18	18470.0
878	7034	6	1005.0
879	7037	15	15059.0
880	7044	24	4145.0
881	7052	30	13331.0
882	7064	23	8692.0
883	7074	17	1236.0
884	7078	11	917.0
885	7084	7	5420.0
886	7087	22	4037.0
887	7089	69	26690.0
888	7100	27	10386.0
889	7116	22	7154.0
890	7128	18	537.0
891	7130	27	6065.0
892	7131	15	800.0
893	7140	9	273.0
894	7141	6	769.0
895	7152	9	3731.0
896	7154	29	11096.0
897	7160	16	420.0
898	7173	6	125.0
899	7181	9	4846.0
900	7185	18	4151.0
901	7187	12	3274.0
902	7193	26	11632.0
903	7207	15	6054.0
904	7225	19	563.0
905	7227	5	1998.0
906	7240	3	1099.0
907	7245	12	1526.0
908	7246	10	323.0
909	7252	11	1444.0
910	7258	33	25452.0
911	7265	11	5997.0
912	7266	46	20632.0
913	7273	18	12376.0
914	7275	19	1766.0
915	7289	17	7391.0
916	7300	9	1138.0
917	7305	19	1213.0
918	7310	9	2013.0
919	7315	25	26726.0
920	7331	16	1082.0
921	7337	65	28026.0
922	7349	33	11486.0
923	7350	14	828.0
924	7371	26	2311.0
925	7379	13	3346.0
926	7384	14	769.0
927	7390	2	816.0
928	7400	12	1034.0
929	7413	24	5890.0
930	7432	18	9180.0
931	7439	30	4838.0
932	7440	10	4394.0
933	7441	13	936.0
934	7453	6	749.0
935	7467	7	666.0
936	7474	26	7764.0
937	7482	15	5389.0
938	7484	4	1926.0
939	7498	12	330.0
940	7507	8	298.0
941	7509	45	20819.0
942	7512	48	30742.0
943	7519	24	1855.0
944	7521	9	191.0
945	7525	16	2268.0
946	7531	3	1129.0
947	7532	8	427.0
948	7539	7	3278.0
949	7542	35	12224.0
950	7558	16	1410.0
951	7574	23	7403.0
952	7588	18	1384.0
953	7607	28	727.0
954	7620	8	811.0
955	7624	9	440.0
956	7633	12	942.0
957	7635	19	6724.0
958	7639	26	9669.0
959	7649	10	885.0
960	7652	33	23192.0
961	7661	34	10678.0
962	7670	19	1802.0
963	7673	15	4636.0
964	7677	12	2416.0
965	7689	7	526.0
966	7696	8	578.0
967	7698	17	11077.0
968	7699	11	870.0
969	7707	28	12939.0
970	7712	16	2909.0
971	7715	27	3059.0
972	7727	46	19904.0
973	7731	38	25699.0
974	7737	2	431.0
975	7744	17	577.0
976	7765	7	1968.0
977	7769	7	808.0
978	7773	11	595.0
979	7774	15	10242.0
980	7775	12	1416.0
981	7782	7	331.0
982	7808	10	509.0
983	7814	5	668.0
984	7823	13	3732.0
985	7824	3	675.0
986	7830	38	24741.0
987	7832	28	4790.0
988	7850	19	710.0
989	7861	3	921.0
990	7864	5	766.0
991	7866	6	838.0
992	7874	31	11677.0
993	7881	5	1235.0
994	7884	6	568.0
995	7886	7	736.0
996	7897	30	10834.0
997	7905	45	19081.0
998	7919	12	9919.0
999	7921	15	1571.0
1000	7942	4	921.0
1001	7949	12	5823.0
1002	7964	13	7834.0
1003	7970	6	4591.0
1004	7973	12	577.0
1005	7982	5	404.0
1006	7983	9	1355.0
1007	7988	33	1587.0
1008	7994	17	6794.0
1009	8007	36	23241.0
1010	8016	4	558.0
1011	8017	7	2179.0
1012	8028	39	10130.0
1013	8034	19	3813.0
1014	8043	9	14132.0
1015	8051	18	4943.0
1016	8057	24	11364.0
1017	8070	16	6767.0
1018	8085	6	1157.0
1019	8091	8	1197.0
1020	8094	9	790.0
1021	8095	15	15850.0
1022	8107	9	792.0
1023	8118	21	9602.0
1024	8123	51	4841.0
1025	8129	9	1276.0
1026	8130	5	2819.0
1027	8162	1	321.0
1028	8172	6	576.0
1029	8176	5	1960.0
1030	8181	3	1609.0
1031	8184	4	261.0
1032	8188	7	2076.0
1033	8190	13	1689.0
1034	8197	2	796.0
1035	8199	20	2298.0
1036	8212	28	2014.0
1037	8214	4	319.0
1038	8224	2	954.0
1039	8227	13	1731.0
1040	8232	1	287.0
1041	8236	6	11138.0
1042	8243	32	9220.0
1043	8247	12	6349.0
1044	8248	6	476.0
1045	8250	12	677.0
1046	8267	11	1439.0
1047	8270	11	2272.0
1048	8281	8	8783.0
1049	8285	7	1868.0
1050	8296	21	10805.0
1051	8301	13	2287.0
1052	8303	13	1567.0
1053	8312	8	901.0
1054	8314	26	4584.0
1055	8330	5	983.0
1056	8334	35	12384.0
1057	8360	5	1489.0
1058	8375	8	1888.0
1059	8376	6	206.0
1060	8377	16	4369.0
1061	8380	11	431.0
1062	8387	25	3721.0
1063	8391	8	859.0
1064	8396	3	1516.0
1065	8401	14	1242.0
1066	8408	4	134.0
1067	8410	4	869.0
1068	8422	10	2365.0
1069	8427	19	2288.0
1070	8433	7	325.0
1071	8437	17	3777.0
1072	8440	9	4444.0
1073	8444	6	343.0
1074	8448	38	13961.0
1075	8453	11	188.0
1076	8457	7	355.0
1077	8467	12	2519.0
1078	8473	41	9563.0
1079	8478	12	774.0
1080	8501	10	1462.0
1081	8503	4	652.0
1082	8515	5	304.0
1083	8522	5	878.0
1084	8523	35	20064.0
1085	8529	57	22231.0
1086	8534	1	250.0
1087	8536	16	3154.0
1088	8557	4	2853.0
1089	8574	18	5590.0
1090	8584	14	3377.0
1091	8587	18	574.0
1092	8588	9	897.0
1093	8589	11	1217.0
1094	8604	9	777.0
1095	8615	4	721.0
1096	8629	19	11496.0
1097	8635	53	28667.0
1098	8642	19	1208.0
1099	8647	15	1347.0
1100	8654	15	6524.0
1101	8662	3	226.0
1102	8665	43	12599.0
1103	8670	7	785.0
1104	8694	28	9959.0
1105	8697	11	570.0
1106	8699	4	576.0
1107	8711	25	32946.0
1108	8719	6	1027.0
1109	8720	18	1450.0
1110	8724	13	1952.0
1111	8738	22	2127.0
1112	8759	41	35146.0
1113	8767	4	344.0
1114	8772	18	1313.0
1115	8774	11	976.0
1116	8777	5	288.0
1117	8780	2	764.0
1118	8789	5	533.0
1119	8800	15	1638.0
1120	8809	22	373.0
1121	8820	56	12976.0
1122	8824	58	16409.0
1123	8833	2	144.0
1124	8845	10	5602.0
1125	8867	9	1130.0
1126	8868	11	425.0
1127	8891	5	326.0
1128	8895	6	171.0
1129	8900	16	21428.0
1130	8903	20	22949.0
1131	8916	38	9700.0
1132	8938	7	2151.0
1133	8947	19	7971.0
1134	8949	18	841.0
1135	8964	6	648.0
1136	8970	5	1448.0
1137	8974	9	427.0
1138	8982	62	10969.0
1139	8989	27	469.0
1140	8994	41	32784.0
1141	9013	12	397.0
1142	9016	26	17129.0
1143	9036	16	1138.0
1144	9040	24	11072.0
1145	9042	28	29016.0
1146	9051	26	5444.0
1147	9060	10	3851.0
1148	9073	7	3659.0
1149	9074	13	836.0
1150	9090	11	1114.0
1151	9103	46	19558.0
1152	9117	9	1483.0
1153	9120	6	395.0
1154	9124	1	391.0
1155	9125	19	351.0
1156	9131	6	1131.0
1157	9139	10	525.0
1158	9159	19	209.0
1159	9160	13	1674.0
1160	9162	22	9757.0
1161	9167	6	210.0
1162	9187	10	858.0
1163	9191	23	4661.0
1164	9195	13	555.0
1165	9197	4	444.0
1166	9202	33	22642.0
1167	9216	34	9492.0
1168	9224	13	7806.0
1169	9227	5	449.0
1170	9229	11	2180.0
1171	9232	18	2029.0
1172	9235	17	1119.0
1173	9241	8	303.0
1174	9255	34	35826.0
1175	9259	23	1009.0
1176	9267	21	8493.0
1177	9286	9	1408.0
1178	9297	6	605.0
1179	9309	78	35898.0
1180	9313	50	8173.0
1181	9332	3	250.0
1182	9341	15	1407.0
1183	9343	12	3107.0
1184	9354	24	9115.0
1185	9361	4	1291.0
1186	9377	4	386.0
1187	9393	53	12867.0
1188	9398	9	1787.0
1189	9404	11	865.0
1190	9422	15	2196.0
1191	9426	26	5590.0
1192	9433	12	3822.0
1193	9446	9	769.0
1194	9450	20	14259.0
1195	9455	31	13450.0
1196	9461	18	7961.0
1197	9467	30	19963.0
1198	9473	22	1307.0
1199	9478	58	19496.0
1200	9506	5	855.0
1201	9513	54	21723.0
1202	9525	12	592.0
1203	9531	7	434.0
1204	9533	25	6764.0
1205	9540	16	6072.0
1206	9557	49	26544.0
1207	9581	74	13083.0
1208	9593	26	8830.0
1209	9595	38	9009.0
1210	9615	16	1323.0
1211	9632	17	500.0
1212	9640	10	1393.0
1213	9645	12	1498.0
1214	9660	13	459.0
1215	9673	5	1998.0
1216	9693	24	14822.0
1217	9696	8	1189.0
1218	9698	4	374.0
1219	9702	36	5893.0
1220	9705	33	9719.0
1221	9708	22	11915.0
1222	9727	15	655.0
1223	9739	36	20333.0
1224	9744	5	1700.0
1225	9750	15	1150.0
1226	9755	8	5873.0
1227	9765	59	7211.0
1228	9768	6	1621.0
1229	9773	6	744.0
1230	9778	12	1476.0
1231	9779	2	289.0
1232	9780	10	1083.0
1233	9782	28	16012.0
1234	9798	49	26422.0
1235	9830	14	1104.0
1236	9835	19	11822.0
1237	9841	9	828.0
1238	9847	18	603.0
1239	9852	88	19437.0
1240	9862	23	2042.0
1241	9886	27	833.0
1242	9887	28	5621.0
1243	9909	47	11525.0
1244	9915	44	8987.0
1245	9932	34	25049.0
1246	9933	40	5274.0
1247	9939	31	5935.0
1248	9953	34	25397.0
1249	9967	17	14201.0
1250	9985	11	2158.0
1251	10002	3	2075.0
1252	10016	8	285.0
1253	10023	13	4337.0
1254	10030	34	1348.0
1255	10039	20	3292.0
1256	10049	7	734.0
1257	10064	7	237.0
1258	10067	4	897.0
1259	10073	6	772.0
1260	10076	14	1141.0
1261	10083	2	494.0
1262	10085	5	670.0
1263	10089	7	850.0
1264	10092	5	1595.0
1265	10096	3	503.0
1266	10098	1	191.0
1267	10100	15	2357.0
1268	10102	12	11961.0
1269	10115	17	742.0
1270	10122	42	5272.0
1271	10130	7	520.0
1272	10138	9	320.0
1273	10139	9	698.0
1274	10140	9	2085.0
1275	10148	10	1089.0
1276	10149	23	11033.0
1277	10151	11	2212.0
1278	10153	24	17716.0
1279	10157	9	1032.0
1280	10168	28	21182.0
1281	10176	46	22367.0
1282	10182	35	18196.0
1283	10190	60	16810.0
1284	10206	39	30798.0
1285	10228	14	672.0
1286	10234	7	321.0
1287	10239	72	24498.0
1288	10248	14	676.0
1289	10263	4	413.0
1290	10264	20	858.0
1291	10271	11	1892.0
1292	10276	11	676.0
1293	10277	7	1677.0
1294	10295	12	8599.0
1295	10300	4	306.0
1296	10327	4	1081.0
1297	10332	4	567.0
1298	10333	10	1375.0
1299	10339	19	1476.0
1300	10342	12	2692.0
1301	10345	3	404.0
1302	10349	12	1322.0
1303	10352	9	921.0
1304	10362	4	6551.0
1305	10377	16	1525.0
1306	10385	30	704.0
1307	10389	10	1170.0
1308	10394	36	2031.0
1309	10399	19	1005.0
1310	10402	12	823.0
1311	10411	13	771.0
1312	10420	13	7099.0
1313	10428	31	22482.0
1314	10435	18	2255.0
1315	10440	22	10045.0
1316	10454	6	1086.0
1317	10471	9	483.0
1318	10479	19	1589.0
1319	10486	17	11496.0
1320	10491	6	426.0
1321	10493	13	351.0
1322	10500	38	25508.0
1323	10506	22	824.0
1324	10516	25	9512.0
1325	10534	10	1532.0
1326	10537	17	1349.0
1327	10545	13	7404.0
1328	10551	48	20211.0
1329	10561	5	289.0
1330	10563	21	3950.0
1331	10569	9	2645.0
1332	10570	12	2886.0
1333	10584	12	376.0
1334	10585	12	1750.0
1335	10589	12	814.0
1336	10619	21	1123.0
1337	10621	21	9942.0
1338	10641	40	18193.0
1339	10654	42	35289.0
1340	10669	7	927.0
1341	10676	19	795.0
1342	10683	6	3684.0
1343	10689	40	9194.0
1344	10700	8	503.0
1345	10711	3	378.0
1346	10712	35	5563.0
1347	10718	23	8573.0
1348	10722	28	2581.0
1349	10724	43	10939.0
1350	10729	48	15886.0
1351	10737	5	345.0
1352	10750	8	764.0
1353	10756	67	24887.0
1354	10776	23	824.0
1355	10782	14	5042.0
1356	10783	4	1989.0
1357	10787	5	346.0
1358	10799	36	15649.0
1359	10807	18	1352.0
1360	10808	21	2377.0
1361	10831	25	4826.0
1362	10836	6	727.0
1363	10842	35	8936.0
1364	10846	17	5183.0
1365	10875	28	1941.0
1366	10884	11	755.0
1367	10886	28	11890.0
1368	10889	5	449.0
1369	10894	9	20346.0
1370	10906	16	2955.0
1371	10914	18	3603.0
1372	10930	5	723.0
1373	10933	5	267.0
1374	10942	2	528.0
1375	10951	10	838.0
1376	10955	38	920.0
1377	10961	5	771.0
1378	10969	39	10663.0
1379	10979	17	14962.0
1380	10980	14	987.0
1381	10984	6	1142.0
1382	10986	16	10132.0
1383	10989	6	616.0
1384	11003	4	330.0
1385	11005	10	1055.0
1386	11008	47	49248.0
1387	11027	3	6965.0
1388	11031	12	706.0
1389	11033	41	14844.0
1390	11041	19	670.0
1391	11042	7	716.0
1392	11069	89	47612.0
1393	11076	29	18789.0
1394	11088	23	20400.0
1395	11093	8	624.0
1396	11095	8	1414.0
1397	11107	21	7394.0
1398	11113	14	906.0
1399	11122	13	6505.0
1400	11138	46	8403.0
1401	11154	31	11418.0
1402	11157	13	615.0
1403	11165	12	5160.0
1404	11186	11	508.0
1405	11191	1	237.0
1406	11196	6	707.0
1407	11197	36	8492.0
1408	11202	18	880.0
1409	11203	8	1193.0
1410	11213	5	371.0
1411	11215	10	595.0
1412	11218	35	13386.0
1413	11226	14	4683.0
1414	11231	7	1511.0
1415	11238	4	1328.0
1416	11241	5	743.0
1417	11243	29	2142.0
1418	11255	7	896.0
1419	11267	16	4193.0
1420	11268	12	934.0
1421	11283	36	15019.0
1422	11300	41	14410.0
1423	11318	9	251.0
1424	11322	4	1158.0
1425	11339	23	5909.0
1426	11347	2	146.0
1427	11350	12	541.0
1428	11352	15	3272.0
1429	11373	4	597.0
1430	11374	8	1271.0
1431	11401	12	1035.0
1432	11411	32	2927.0
1433	11415	72	20255.0
1434	11424	10	373.0
1435	11431	20	9328.0
1436	11437	2	340.0
1437	11438	9	647.0
1438	11454	4	498.0
1439	11460	20	900.0
1440	11467	49	44123.0
1441	11490	28	3251.0
1442	11500	23	5204.0
1443	11506	9	775.0
1444	11525	42	17484.0
1445	11553	16	5872.0
1446	11557	4	797.0
1447	11564	13	758.0
1448	11570	22	13481.0
1449	11578	12	585.0
1450	11585	4	1716.0
1451	11594	5	274.0
1452	11597	7	11667.0
1453	11606	6	159.0
1454	11611	9	1078.0
1455	11613	38	8482.0
1456	11627	29	4442.0
1457	11630	20	712.0
1458	11631	6	3484.0
1459	11640	7	2626.0
1460	11643	16	3581.0
1461	11656	11	1326.0
1462	11665	7	1131.0
1463	11682	24	17280.0
1464	11685	22	1053.0
1465	11690	9	13156.0
1466	11700	16	1259.0
1467	11704	3	758.0
1468	11714	5	827.0
1469	11726	9	1221.0
1470	11727	50	14096.0
1471	11730	28	7342.0
1472	11739	38	31445.0
1473	11766	3	796.0
1474	11785	30	29887.0
1475	11787	11	1592.0
1476	11790	13	21139.0
1477	11813	20	844.0
1478	11833	5	639.0
1479	11839	19	7771.0
1480	11843	10	5605.0
1481	11850	6	7008.0
1482	11853	45	42556.0
1483	11861	17	2444.0
1484	11869	40	2239.0
1485	11871	34	30925.0
1486	11875	3	589.0
1487	11880	12	2478.0
1488	11899	4	274.0
1489	11910	10	379.0
1490	11916	15	976.0
1491	11936	30	9166.0
1492	11946	37	1608.0
1493	11962	17	1744.0
1494	11968	14	680.0
1495	11973	9	652.0
1496	11981	4	1598.0
1497	11982	19	16097.0
1498	11987	2	1005.0
1499	11993	3	2220.0
1500	11994	17	2161.0
1501	12002	9	1689.0
1502	12006	15	2210.0
1503	12021	7	1130.0
1504	12025	11	1720.0
1505	12026	4	655.0
1506	12031	5	640.0
1507	12034	18	866.0
1508	12038	11	2612.0
1509	12043	42	16706.0
1510	12066	6	782.0
1511	12072	20	463.0
1512	12079	22	6599.0
1513	12090	4	303.0
1514	12115	28	14181.0
1515	12122	22	5588.0
1516	12130	11	802.0
1517	12140	13	886.0
1518	12141	62	30801.0
1519	12149	38	13663.0
1520	12182	21	1944.0
1521	12183	38	3428.0
1522	12189	7	546.0
1523	12190	3	438.0
1524	12195	7	438.0
1525	12200	7	921.0
1526	12211	14	1128.0
1527	12215	2	193.0
1528	12226	10	686.0
1529	12227	6	785.0
1530	12233	9	569.0
1531	12242	15	1050.0
1532	12243	9	1236.0
1533	12255	12	824.0
1534	12263	8	353.0
1535	12264	45	12013.0
1536	12276	21	524.0
1537	12277	39	6748.0
1538	12280	8	1398.0
1539	12296	21	15291.0
1540	12310	10	820.0
1541	12312	10	357.0
1542	12320	59	23801.0
1543	12325	16	1371.0
1544	12341	2	548.0
1545	12374	3	524.0
1546	12381	46	25159.0
1547	12382	26	2858.0
1548	12388	8	486.0
1549	12395	11	3529.0
1550	12406	12	421.0
1551	12415	15	9225.0
1552	12420	35	21533.0
1553	12435	55	13379.0
1554	12438	9	571.0
1555	12455	18	2854.0
1556	12464	7	1311.0
1557	12466	6	930.0
1558	12477	5	149.0
1559	12480	11	668.0
1560	12485	3	351.0
1561	12491	34	19798.0
1562	12496	11	635.0
1563	12497	13	1330.0
1564	12505	32	8630.0
1565	12525	3	671.0
1566	12528	49	12863.0
1567	12554	1	235.0
1568	12556	4	760.0
1569	12560	7	472.0
1570	12566	17	1645.0
1571	12569	3	105.0
1572	12571	18	6428.0
1573	12572	11	1099.0
1574	12591	9	572.0
1575	12592	8	1179.0
1576	12597	8	638.0
1577	12604	17	2475.0
1578	12606	13	518.0
1579	12614	9	606.0
1580	12627	13	979.0
1581	12628	8	2595.0
1582	12631	3	388.0
1583	12635	9	612.0
1584	12645	11	434.0
1585	12646	9	909.0
1586	12652	17	17470.0
1587	12655	38	15308.0
1588	12663	35	27938.0
1589	12670	10	690.0
1590	12688	22	9020.0
1591	12695	40	13533.0
1592	12702	8	1171.0
1593	12705	7	598.0
1594	12706	22	18758.0
1595	12727	12	1379.0
1596	12730	25	2325.0
1597	12744	5	342.0
1598	12760	49	43611.0
1599	12764	2	280.0
1600	12767	2	276.0
1601	12783	7	8988.0
1602	12796	13	2608.0
1603	12802	13	1277.0
1604	12808	28	17961.0
1605	12816	17	6210.0
1606	12822	5	517.0
1607	12827	59	36360.0
1608	12831	22	1230.0
1609	12841	66	9025.0
1610	12902	8	527.0
1611	12906	22	2937.0
1612	12920	4	2282.0
1613	12927	32	10205.0
1614	12940	6	653.0
1615	12948	3	275.0
1616	12960	11	560.0
1617	12963	10	880.0
1618	12964	7	454.0
1619	12965	25	1145.0
1620	12983	12	1029.0
1621	12993	18	7240.0
1622	12999	19	3275.0
1623	13012	19	909.0
1624	13017	7	1615.0
1625	13026	3	1221.0
1626	13041	17	21758.0
1627	13064	9	9041.0
1628	13066	9	476.0
1629	13070	5	404.0
1630	13071	45	20154.0
1631	13090	23	616.0
1632	13095	31	20894.0
1633	13116	7	314.0
1634	13119	8	1079.0
1635	13120	7	940.0
1636	13133	30	8882.0
1637	13139	8	1116.0
1638	13155	8	378.0
1639	13163	9	940.0
1640	13166	6	1884.0
1641	13169	15	1525.0
1642	13172	13	1235.0
1643	13176	7	863.0
1644	13177	7	909.0
1645	13210	14	19294.0
1646	13216	12	1230.0
1647	13221	32	36218.0
1648	13230	3	399.0
1649	13236	11	1435.0
1650	13242	24	2193.0
1651	13268	11	1509.0
1652	13282	54	25654.0
1653	13303	4	674.0
1654	13311	20	3566.0
1655	13315	7	1354.0
1656	13317	9	6012.0
1657	13319	3	538.0
1658	13327	28	2477.0
1659	13330	5	366.0
1660	13348	11	577.0
1661	13356	3	1627.0
1662	13363	8	8977.0
1663	13368	24	5267.0
1664	13371	22	11800.0
1665	13379	14	25904.0
1666	13384	13	4851.0
1667	13393	11	902.0
1668	13402	5	12761.0
1669	13435	17	3039.0
1670	13441	19	14009.0
1671	13452	3	301.0
1672	13457	12	719.0
1673	13464	36	3480.0
1674	13468	8	1196.0
1675	13494	6	767.0
1676	13495	13	1290.0
1677	13513	12	1266.0
1678	13514	10	1265.0
1679	13517	13	3746.0
1680	13523	7	399.0
1681	13547	17	9558.0
1682	13548	6	1032.0
1683	13553	7	5478.0
1684	13562	28	19315.0
1685	13580	15	12474.0
1686	13582	28	16185.0
1687	13600	9	3262.0
1688	13604	20	5171.0
1689	13617	4	2588.0
1690	13628	27	18039.0
1691	13630	6	1048.0
1692	13639	2	181.0
1693	13643	7	1058.0
1694	13644	25	7775.0
1695	13653	29	14376.0
1696	13662	4	753.0
1697	13679	7	1111.0
1698	13688	6	428.0
1699	13691	5	1519.0
1700	13698	14	3218.0
1701	13708	13	11686.0
1702	13712	6	649.0
1703	13718	28	8533.0
1704	13721	7	1654.0
1705	13726	13	331.0
1706	13743	14	15335.0
1707	13745	8	657.0
1708	13761	9	802.0
1709	13773	16	11610.0
1710	13777	3	272.0
1711	13779	5	191.0
1712	13784	4	566.0
1713	13795	10	438.0
1714	13802	8	8002.0
1715	13812	4	325.0
1716	13820	11	778.0
1717	13822	13	14006.0
1718	13834	9	610.0
1719	13836	10	588.0
1720	13847	6	552.0
1721	13854	11	1742.0
1722	13855	2	393.0
1723	13869	10	625.0
1724	13870	8	668.0
1725	13874	10	1039.0
1726	13881	7	1859.0
1727	13887	1	348.0
1728	13889	33	18645.0
1729	13892	6	8312.0
1730	13899	36	6988.0
1731	13928	20	859.0
1732	13932	8	372.0
1733	13949	13	1214.0
1734	13954	17	10679.0
1735	13963	28	16122.0
1736	13971	36	16158.0
1737	13989	11	10074.0
1738	13995	3	210.0
1739	13999	4	614.0
1740	14012	6	357.0
1741	14017	1	521.0
1742	14018	10	589.0
1743	14024	6	924.0
1744	14027	19	11531.0
1745	14037	9	662.0
1746	14038	7	432.0
1747	14042	18	14077.0
1748	14053	10	1477.0
1749	14065	2	341.0
1750	14072	4	677.0
1751	14074	11	1200.0
1752	14078	24	2991.0
1753	14084	7	592.0
1754	14091	5	524.0
1755	14092	28	2503.0
1756	14096	5	710.0
1757	14097	6	1173.0
1758	14104	8	554.0
1759	14105	27	1343.0
1760	14108	3	979.0
1761	14109	10	1971.0
1762	14110	18	458.0
1763	14114	4	201.0
1764	14118	1	455.0
1765	14129	11	578.0
1766	14139	17	1372.0
1767	14145	34	12486.0
1768	14156	4	668.0
1769	14163	39	18449.0
1770	14169	2	324.0
1771	14170	6	290.0
1772	14180	4	317.0
1773	14191	9	855.0
1774	14196	49	27491.0
1775	14200	4	2679.0
1776	14207	1	382.0
1777	14211	6	690.0
1778	14217	7	1015.0
1779	14219	49	16326.0
1780	14228	13	1015.0
1781	14231	5	1111.0
1782	14272	38	12931.0
1783	14277	68	21110.0
1784	14282	6	1594.0
1785	14289	6	284.0
1786	14295	5	5610.0
1787	14308	9	480.0
1788	14315	7	1064.0
1789	14322	12	976.0
1790	14324	15	4440.0
1791	14328	6	226.0
1792	14336	3	883.0
1793	14337	24	14278.0
1794	14339	43	9499.0
1795	14342	4	138.0
1796	14377	15	4672.0
1797	14378	4	605.0
1798	14391	4	276.0
1799	14408	7	456.0
1800	14413	7	654.0
1801	14421	1	123.0
1802	14424	12	779.0
1803	14430	4	1594.0
1804	14432	9	684.0
1805	14445	40	21921.0
1806	14451	5	554.0
1807	14452	26	19899.0
1808	14459	39	28114.0
1809	14463	16	1630.0
1810	14466	3	445.0
1811	14496	9	1528.0
1812	14502	23	19675.0
1813	14507	9	911.0
1814	14508	6	534.0
1815	14515	16	16702.0
1816	14518	19	369.0
1817	14526	4	264.0
1818	14535	46	18151.0
1819	14546	6	401.0
1820	14555	16	708.0
1821	14566	9	286.0
1822	14574	11	1132.0
1823	14588	1	243.0
1824	14593	14	2003.0
1825	14598	17	485.0
1826	14599	2	153.0
1827	14601	5	3831.0
1828	14607	11	1091.0
1829	14615	21	9424.0
1830	14619	6	589.0
1831	14624	59	16009.0
1832	14650	5	973.0
1833	14655	7	322.0
1834	14657	7	738.0
1835	14664	23	9673.0
1836	14666	20	10831.0
1837	14685	8	322.0
1838	14696	1	582.0
1839	14700	3	285.0
1840	14706	6	506.0
1841	14709	10	946.0
1842	14728	4	329.0
1843	14730	3	278.0
1844	14742	4	1195.0
1845	14744	3	1049.0
1846	14748	6	691.0
1847	14749	7	223.0
1848	14755	8	2026.0
1849	14758	14	18457.0
1850	14764	8	923.0
1851	14776	14	5849.0
1852	14780	6	613.0
1853	14782	11	652.0
1854	14784	8	870.0
1855	14787	6	747.0
1856	14789	11	2120.0
1857	14797	21	8617.0
1858	14813	17	449.0
1859	14821	31	22412.0
1860	14824	43	25688.0
1861	14842	2	1778.0
1862	14854	13	1121.0
1863	14856	8	251.0
1864	14863	5	699.0
1865	14872	9	1449.0
1866	14877	14	7734.0
1867	14885	9	2287.0
1868	14886	8	3537.0
1869	14893	10	5500.0
1870	14899	4	1830.0
1871	14909	8	816.0
1872	14916	19	793.0
1873	14926	3	290.0
1874	14929	12	2665.0
1875	14942	4	283.0
1876	14943	10	3116.0
1877	14949	2	1903.0
1878	14958	1	366.0
1879	14972	17	1063.0
1880	14981	11	767.0
1881	14982	3	769.0
1882	14998	4	1248.0
1883	15006	13	2295.0
1884	15016	26	13616.0
1885	15021	5	1356.0
1886	15024	6	1649.0
1887	15032	20	1656.0
1888	15043	3	461.0
1889	15046	32	26640.0
1890	15052	9	10316.0
1891	15070	9	1305.0
1892	15076	23	20331.0
1893	15079	9	1599.0
1894	15087	10	1473.0
1895	15103	26	5421.0
1896	15109	53	16392.0
1897	15111	18	1031.0
1898	15128	6	1206.0
1899	15129	2	320.0
1900	15131	2	358.0
1901	15132	5	582.0
1902	15157	9	1244.0
1903	15159	9	7901.0
1904	15162	3	576.0
1905	15168	6	559.0
1906	15176	15	12286.0
1907	15186	4	368.0
1908	15188	6	679.0
1909	15200	31	16122.0
1910	15201	9	2019.0
1911	15202	14	913.0
1912	15206	1	2573.0
1913	15221	15	13865.0
1914	15241	15	1894.0
1915	15242	43	40586.0
1916	15267	20	4195.0
1917	15279	3	218.0
1918	15280	15	1278.0
1919	15289	6	545.0
1920	15290	11	2077.0
1921	15293	7	2265.0
1922	15298	15	5902.0
1923	15308	25	17465.0
1924	15333	10	719.0
1925	15348	22	12290.0
1926	15349	5	685.0
1927	15352	2	813.0
1928	15353	9	796.0
1929	15358	17	1171.0
1930	15367	12	397.0
1931	15374	17	1392.0
1932	15381	18	439.0
1933	15388	4	328.0
1934	15401	8	9241.0
1935	15406	4	817.0
1936	15407	34	12424.0
1937	15411	4	2988.0
1938	15422	15	1490.0
1939	15431	7	260.0
1940	15439	10	12500.0
1941	15444	3	529.0
1942	15448	21	17688.0
1943	15454	4	884.0
1944	15462	16	12320.0
1945	15465	12	719.0
1946	15469	24	21232.0
1947	15472	8	637.0
1948	15492	4	450.0
1949	15507	1	354.0
1950	15510	7	310.0
1951	15512	9	797.0
1952	15522	6	10624.0
1953	15541	20	22362.0
1954	15547	18	474.0
1955	15565	1	452.0
1956	15570	23	28482.0
1957	15573	12	628.0
1958	15586	18	13301.0
1959	15587	12	1485.0
1960	15596	5	779.0
1961	15605	14	670.0
1962	15609	7	386.0
1963	15622	6	911.0
1964	15627	7	228.0
1965	15637	6	900.0
1966	15638	12	1201.0
1967	15648	9	1237.0
1968	15653	16	1836.0
1969	15657	43	9795.0
1970	15658	22	17039.0
1971	15672	4	412.0
1972	15683	20	1417.0
1973	15695	12	1189.0
1974	15705	14	17320.0
1975	15709	8	644.0
1976	15710	10	5842.0
1977	15724	34	31274.0
1978	15730	10	1317.0
1979	15744	22	345.0
1980	15746	4	1718.0
1981	15760	10	394.0
1982	15766	3	330.0
1983	15773	8	224.0
1984	15784	4	708.0
1985	15792	5	8211.0
1986	15799	3	225.0
1987	15801	17	562.0
1988	15810	18	855.0
1989	15812	12	1413.0
1990	15813	18	1539.0
1991	15822	50	35473.0
1992	15850	10	789.0
1993	15852	4	320.0
1994	15854	14	593.0
1995	15856	3	556.0
1996	15868	2	1349.0
1997	15886	27	20694.0
1998	15894	5	2546.0
1999	15899	10	699.0
2000	15904	5	859.0
2001	15912	5	14154.0
2002	15920	10	924.0
2003	15925	5	896.0
2004	15927	4	434.0
2005	15930	20	1929.0
2006	15934	11	2833.0
2007	15938	8	371.0
2008	15940	7	638.0
2009	15943	10	14996.0
2010	15948	13	2032.0
2011	15950	4	560.0
2012	15953	4	423.0
2013	15962	2	793.0
2014	15969	7	2360.0
2015	15971	29	9633.0
2016	15975	14	16148.0
2017	15977	7	905.0
2018	15986	14	419.0
2019	15987	6	1631.0
2020	16008	5	752.0
2021	16018	21	2498.0
2022	16026	4	2331.0
2023	16038	5	622.0
2024	16040	9	3730.0
2025	16044	6	938.0
2026	16048	11	1948.0
2027	16061	13	814.0
2028	16076	15	15720.0
2029	16080	10	10289.0
2030	16091	24	22124.0
2031	16094	7	1333.0
2032	16100	7	332.0
2033	16105	4	358.0
2034	16106	15	344.0
2035	16124	4	805.0
2036	16139	15	22864.0
2037	16150	5	515.0
2038	16151	19	8114.0
2039	16156	6	465.0
2040	16157	12	484.0
2041	16172	7	695.0
2042	16173	5	580.0
2043	16179	6	1869.0
2044	16180	3	671.0
2045	16182	7	9840.0
2046	16188	5	448.0
2047	16194	8	1658.0
2048	16196	7	344.0
2049	16207	4	506.0
2050	16209	16	815.0
2051	16213	5	321.0
2052	16218	5	219.0
2053	16226	22	10906.0
2054	16242	4	496.0
2055	16245	5	342.0
2056	16253	1	441.0
2057	16259	7	862.0
2058	16260	1	384.0
2059	16264	7	545.0
2060	16265	14	16737.0
2061	16276	14	15131.0
2062	16287	2	597.0
2063	16289	15	439.0
2064	16292	22	16030.0
2065	16302	6	681.0
2066	16310	13	619.0
2067	16314	10	8798.0
2068	16319	14	17588.0
2069	16323	11	436.0
2070	16326	17	5420.0
2071	16327	12	563.0
2072	16334	15	19329.0
2073	16340	25	4601.0
2074	16345	20	29746.0
2075	16355	6	1736.0
2076	16358	14	1402.0
2077	16378	21	1502.0
2078	16391	7	337.0
2079	16392	4	13639.0
2080	16407	4	282.0
2081	16424	8	1017.0
2082	16432	9	926.0
2083	16435	16	3227.0
2084	16441	27	57326.0
2085	16447	6	456.0
2086	16449	5	312.0
2087	16454	3	343.0
2088	16465	6	1539.0
2089	16484	4	352.0
2090	16487	16	12773.0
2091	16489	10	10203.0
2092	16493	3	80.0
2093	16494	2	1391.0
2094	16503	34	14221.0
2095	16510	6	1369.0
2096	16523	6	332.0
2097	16532	7	227.0
2098	16538	2	527.0
2099	16545	10	1007.0
2100	16547	3	454.0
2101	16556	6	370.0
2102	16560	3	358.0
2103	16562	7	562.0
2104	16574	21	2372.0
2105	16576	25	21874.0
2106	16586	17	8538.0
2107	16597	4	295.0
2108	16600	7	532.0
2109	16605	13	1294.0
2110	16607	31	14275.0
2111	16615	38	18710.0
2112	16617	18	8770.0
2113	16620	14	27556.0
2114	16622	10	10775.0
2115	16626	10	1017.0
2116	16636	11	1958.0
2117	16641	9	313.0
2118	16657	2	722.0
2119	16664	4	637.0
2120	16673	6	404.0
2121	16679	5	770.0
2122	16684	5	1000.0
2123	16690	13	656.0
2124	16700	1	234.0
2125	16705	5	1556.0
2126	16709	2	1054.0
2127	16716	7	1589.0
2128	16717	8	648.0
2129	16731	48	18304.0
2130	16733	9	1240.0
2131	16740	17	6766.0
2132	16749	3	573.0
2133	16761	18	1205.0
2134	16775	15	25113.0
2135	16776	7	213.0
2136	16784	2	850.0
2137	16787	7	1077.0
2138	16799	9	374.0
2139	16813	9	509.0
2140	16826	3	345.0
2141	16829	3	622.0
2142	16832	6	300.0
2143	16842	4	288.0
2144	16846	9	787.0
2145	16852	1	627.0
2146	16853	1	718.0
2147	16857	9	1052.0
2148	16861	15	6649.0
2149	16869	12	7204.0
2150	16875	9	11009.0
2151	16878	7	226.0
2152	16880	2	585.0
2153	16883	4	915.0
2154	16884	21	25467.0
2155	16906	13	384.0
2156	16922	12	828.0
2157	16923	21	9785.0
2158	16926	6	581.0
2159	16938	12	10756.0
2160	16942	8	362.0
2161	16947	2	1059.0
2162	16953	31	13883.0
2163	16968	13	558.0
2164	16971	8	1332.0
2165	16991	3	455.0
2166	16995	3	1007.0
2167	17001	11	492.0
2168	17006	7	1401.0
2169	17009	6	5789.0
2170	17014	5	6792.0
2171	17022	10	613.0
2172	17034	8	617.0
2173	17040	4	564.0
2174	17042	7	513.0
2175	17048	12	724.0
2176	17061	3	285.0
2177	17069	6	442.0
2178	17072	3	411.0
2179	17073	17	1039.0
2180	17075	22	27069.0
2181	17082	6	4927.0
2182	17089	16	6509.0
2183	17095	16	8756.0
2184	17101	32	12185.0
2185	17124	6	337.0
2186	17130	35	12800.0
2187	17132	5	203.0
2188	17140	14	675.0
2189	17145	3	85.0
2190	17147	23	28403.0
2191	17169	15	1487.0
2192	17170	7	371.0
2193	17172	10	392.0
2194	17180	14	14818.0
2195	17187	11	7430.0
2196	17193	14	2822.0
2197	17201	2	517.0
2198	17218	17	1592.0
2199	17222	7	2710.0
2200	17227	6	1217.0
2201	17229	15	1283.0
2202	17235	5	1119.0
2203	17237	26	21128.0
2204	17253	33	23027.0
2205	17270	3	698.0
2206	17279	14	1915.0
2207	17283	31	14062.0
2208	17285	9	4496.0
2209	17289	9	4127.0
2210	17308	21	3187.0
2211	17317	5	174.0
2212	17318	5	245.0
2213	17332	12	1434.0
2214	17343	7	1198.0
2215	17348	6	606.0
2216	17354	8	718.0
2217	17359	29	24254.0
2218	17363	3	456.0
2219	17366	16	1059.0
2220	17369	12	1014.0
2221	17372	3	420.0
2222	17373	7	283.0
2223	17389	17	1194.0
2224	17393	40	13583.0
2225	17398	8	398.0
2226	17400	15	1011.0
2227	17411	9	766.0
2228	17417	12	7273.0
2229	17421	8	959.0
2230	17423	8	514.0
2231	17426	4	417.0
2232	17428	2	197.0
2233	17448	16	2630.0
2234	17463	22	9036.0
2235	17471	23	645.0
2236	17473	6	409.0
2237	17478	11	1311.0
2238	17484	7	1360.0
2239	17489	4	876.0
2240	17492	3	467.0
2241	17495	5	1345.0
2242	17505	20	30350.0
2243	17510	5	482.0
2244	17514	7	2172.0
2245	17519	7	548.0
2246	17525	5	1547.0
2247	17526	10	341.0
2248	17543	3	288.0
2249	17558	7	708.0
2250	17562	16	7797.0
2251	17566	8	594.0
2252	17568	5	1874.0
2253	17570	5	216.0
2254	17573	5	1119.0
2255	17574	19	2608.0
2256	17577	9	472.0
2257	17584	3	343.0
2258	17586	1	649.0
2259	17590	2	269.0
2260	17593	8	13082.0
2261	17596	12	4063.0
2262	17604	8	1368.0
2263	17621	9	457.0
2264	17623	6	443.0
2265	17628	13	1862.0
2266	17629	5	679.0
2267	17634	10	1201.0
2268	17635	6	1014.0
2269	17641	32	20577.0
2270	17642	22	3352.0
2271	17651	13	7342.0
2272	17654	5	582.0
2273	17670	9	10657.0
2274	17681	6	4778.0
2275	17685	6	2117.0
2276	17691	12	1109.0
2277	17697	4	680.0
2278	17699	2	639.0
2279	17714	19	1570.0
2280	17726	4	998.0
2281	17727	5	720.0
2282	17734	6	998.0
2283	17740	18	20974.0
2284	17748	3	4460.0
2285	17752	2	358.0
2286	17756	6	316.0
2287	17758	5	530.0
2288	17761	28	8654.0
2289	17766	8	4529.0
2290	17768	15	6766.0
2291	17780	11	1271.0
2292	17786	11	1680.0
2293	17789	30	22644.0
2294	17794	6	494.0
2295	17802	5	589.0
2296	17812	7	8218.0
2297	17828	27	24401.0
2298	17829	7	418.0
2299	17848	36	10049.0
2300	17852	11	937.0
2301	17856	30	21680.0
2302	17862	7	626.0
2303	17869	50	25458.0
2304	17898	7	1422.0
2305	17905	3	560.0
2306	17908	7	332.0
2307	17915	26	13769.0
2308	17935	9	1769.0
2309	17940	10	1011.0
2310	17950	8	223.0
2311	17953	8	2053.0
2312	17977	9	1404.0
2313	17982	9	600.0
2314	17985	11	727.0
2315	17993	32	7760.0
2316	18010	11	470.0
2317	18012	11	1760.0
2318	18014	6	576.0
2319	18028	4	315.0
2320	18036	11	1098.0
2321	18041	6	1082.0
2322	18050	2	812.0
2323	18056	8	1000.0
2324	18061	10	534.0
2325	18063	8	1004.0
2326	18079	5	533.0
2327	18087	2	1814.0
2328	18091	20	15505.0
2329	18092	4	422.0
2330	18095	38	9925.0
2331	18103	39	37468.0
2332	18107	3	335.0
2333	18108	19	743.0
2334	18115	4	432.0
2335	18135	6	397.0
2336	18147	21	1742.0
2337	18155	9	1161.0
2338	18163	11	1599.0
2339	18180	35	935.0
2340	18184	14	2321.0
2341	18193	7	511.0
2342	18195	10	1098.0
2343	18196	9	1214.0
2344	18199	9	401.0
2345	18203	36	24378.0
2346	18222	14	1152.0
2347	18224	8	723.0
2348	18230	9	2494.0
2349	18236	12	2672.0
2350	18243	7	1384.0
2351	18251	10	528.0
2352	18256	15	620.0
2353	18257	20	10326.0
2354	18262	20	2052.0
2355	18265	32	9639.0
2356	18271	10	4440.0
2357	18284	15	968.0
2358	18285	19	10615.0
2359	18300	10	1129.0
2360	18302	7	1194.0
2361	18305	17	1152.0
2362	18324	7	375.0
2363	18333	2	290.0
2364	18339	3	424.0
2365	18345	12	1620.0
2366	18347	27	20738.0
2367	18353	2	417.0
2368	18362	7	1149.0
2369	18363	15	988.0
2370	18364	6	432.0
2371	18373	5	912.0
2372	18375	37	20292.0
2373	18376	18	752.0
2374	18379	12	363.0
2375	18386	40	19571.0
2376	18389	7	770.0
2377	18403	13	1214.0
2378	18405	7	337.0
2379	18420	8	757.0
2380	18424	3	225.0
2381	18428	13	755.0
2382	18436	12	723.0
2383	18440	12	3145.0
2384	18444	11	1132.0
2385	18463	8	278.0
2386	18468	18	20766.0
2387	18470	5	1229.0
2388	18473	12	924.0
2389	18480	11	363.0
2390	18495	13	1462.0
2391	18499	9	605.0
2392	18501	24	25608.0
2393	18518	35	20102.0
2394	18521	12	800.0
2395	18535	3	472.0
2396	18548	20	978.0
2397	18554	4	485.0
2398	18564	6	446.0
2399	18570	5	362.0
2400	18574	6	603.0
2401	18575	7	4488.0
2402	18581	12	674.0
2403	18583	6	781.0
2404	18592	10	8053.0
2405	18604	8	471.0
2406	18607	23	12771.0
2407	18612	13	844.0
2408	18621	2	294.0
2409	18622	1	504.0
2410	18628	8	1022.0
2411	18629	4	419.0
2412	18642	1	176.0
2413	18643	14	14387.0
2414	18644	1	502.0
2415	18650	40	39792.0
2416	18651	4	506.0
2417	18672	3	623.0
2418	18689	8	635.0
2419	18691	6	628.0
2420	18692	18	1231.0
2421	18698	4	123.0
2422	18706	6	1846.0
2423	18712	5	482.0
2424	18714	2	522.0
2425	18719	4	433.0
2426	18722	10	1922.0
2427	18724	2	273.0
2428	18725	2	514.0
2429	18727	8	714.0
2430	18731	8	19289.0
2431	18735	11	931.0
2432	18737	4	376.0
2433	18741	13	11749.0
2434	18748	9	369.0
2435	18750	6	338.0
2436	18751	2	1089.0
2437	18756	35	40211.0
2438	18773	19	1288.0
2439	18788	6	322.0
2440	18804	3	486.0
2441	18808	10	995.0
2442	18812	20	24038.0
2443	18831	7	418.0
2444	18844	7	277.0
2445	18850	2	319.0
2446	18852	11	878.0
2447	18858	20	5566.0
2448	18866	1	1512.0
2449	18868	3	504.0
2450	18873	2	491.0
2451	18874	12	848.0
2452	18877	14	1260.0
2453	18881	18	5282.0
2454	18888	4	488.0
2455	18894	16	26523.0
2456	18914	5	141.0
2457	18915	2	379.0
2458	18919	14	706.0
2459	18921	5	353.0
2460	18923	7	464.0
2461	18928	26	7468.0
2462	18937	11	4325.0
2463	18948	3	1188.0
2464	18952	8	841.0
2465	18967	4	472.0
2466	18978	9	473.0
2467	18996	8	751.0
2468	19012	2	584.0
2469	19021	6	714.0
2470	19026	14	666.0
2471	19034	5	11917.0
2472	19035	5	274.0
2473	19041	1	820.0
2474	19048	13	895.0
2475	19052	9	632.0
2476	19056	9	1023.0
2477	19062	3	6043.0
2478	19064	7	11069.0
2479	19072	10	477.0
2480	19074	5	365.0
2481	19075	6	423.0
2482	19082	6	1456.0
2483	19091	7	367.0
2484	19104	5	589.0
2485	19107	12	709.0
2486	19112	10	322.0
2487	19119	3	1029.0
2488	19120	9	1228.0
2489	19130	21	917.0
2490	19137	7	695.0
2491	19141	18	15733.0
2492	19142	24	24822.0
2493	19148	8	662.0
2494	19153	3	6431.0
2495	19154	5	759.0
2496	19186	3	600.0
2497	19194	2	237.0
2498	19202	2	373.0
2499	19206	17	1053.0
2500	19209	5	1343.0
2501	19213	29	12241.0
2502	19220	8	597.0
2503	19235	10	922.0
2504	19236	6	3384.0
2505	19248	16	7525.0
2506	19271	12	5326.0
2507	19279	22	21923.0
2508	19283	28	20330.0
2509	19290	15	6041.0
2510	19296	8	633.0
2511	19302	8	580.0
2512	19326	13	1248.0
2513	19331	1	245.0
2514	19334	15	6043.0
2515	19346	9	493.0
2516	19355	27	10867.0
2517	19356	11	1463.0
2518	19358	6	571.0
2519	19360	13	14270.0
2520	19380	13	616.0
2521	19387	6	784.0
2522	19390	3	714.0
2523	19396	8	616.0
2524	19410	2	292.0
2525	19412	18	772.0
2526	19415	13	1076.0
2527	19429	12	2181.0
2528	19434	7	534.0
2529	19441	5	649.0
2530	19451	15	699.0
2531	19462	9	1130.0
2532	19475	9	1255.0
2533	19484	9	773.0
2534	19488	5	927.0
2535	19489	5	484.0
2536	19490	14	373.0
2537	19497	14	2365.0
2538	19501	7	299.0
2539	19507	11	402.0
2540	19509	5	456.0
2541	19511	6	565.0
2542	19512	13	1791.0
2543	19527	5	708.0
2544	19536	3	478.0
2545	19543	3	260.0
2546	19544	12	692.0
2547	19546	7	303.0
2548	19547	8	585.0
2549	19558	7	410.0
2550	19564	4	551.0
2551	19569	1	210.0
2552	19570	6	613.0
2553	19578	4	357.0
2554	19582	8	463.0
2555	19584	8	159.0
2556	19587	6	409.0
2557	19590	16	787.0
2558	19591	10	500.0
2559	19595	10	735.0
2560	19598	7	296.0
2561	19601	2	722.0
2562	19603	10	769.0
2563	19609	15	724.0
2564	19612	3	690.0
2565	19613	4	618.0
2566	19615	4	1364.0
2567	19624	12	512.0
2568	19626	10	954.0
2569	19630	2	1266.0
2570	19637	2	477.0
2571	19640	5	1252.0
2572	19643	9	984.0
2573	19644	3	291.0
2574	19645	7	919.0
2575	19652	4	227.0
2576	19654	10	569.0
2577	19660	2	545.0
2578	19672	5	863.0
2579	19675	3	213.0
2580	19685	8	1201.0
2581	19694	3	472.0
2582	19697	8	586.0
2583	19700	7	354.0
2584	19703	6	261.0
2585	19706	6	357.0
2586	19715	2	208.0
2587	19721	7	548.0
2588	19728	11	519.0
2589	19729	14	1360.0
2590	19731	2	388.0
2591	19736	5	291.0
2592	19737	8	1827.0
2593	19740	5	714.0
2594	19746	10	775.0
2595	19751	5	418.0
2596	19755	24	1170.0
2597	19760	13	1254.0
2598	19780	5	1142.0
2599	19783	4	295.0
2600	19787	6	277.0
2601	19791	6	626.0
2602	19798	3	245.0
2603	19801	14	548.0
2604	19805	9	970.0
2605	19807	5	531.0
2606	19814	5	360.0
2607	19825	8	359.0
2608	19826	12	1207.0
2609	19831	7	467.0
2610	19841	7	655.0
2611	19844	10	448.0
2612	19845	9	1015.0
2613	19852	7	475.0
2614	19855	11	497.0
2615	19856	6	311.0
2616	19861	9	910.0
2617	19866	13	862.0
2618	19868	2	448.0
2619	19871	12	552.0
2620	19883	8	518.0
2621	19887	11	773.0
2622	19905	5	187.0
2623	19907	11	946.0
2624	19914	5	396.0
2625	19916	1	305.0
2626	19918	3	213.0
2627	19920	10	435.0
2628	19926	10	681.0
2629	19932	9	1492.0
2630	19934	4	624.0
2631	19951	3	527.0
2632	19958	7	713.0
2633	19966	8	170.0
2634	19970	6	424.0
2635	19976	9	821.0
2636	19982	4	376.0
2637	19985	7	714.0
2638	19989	2	151.0
2639	19996	11	584.0
2640	19998	5	441.0
2641	19999	6	551.0
2642	20008	9	380.0
2643	20010	8	428.0
2644	20012	6	427.0
2645	20019	15	1233.0
2646	20022	25	606.0
2647	20023	5	265.0
2648	20027	18	634.0
2649	20031	7	408.0
2650	20032	6	434.0
2651	20042	3	934.0
2652	20058	7	566.0
2653	20071	5	472.0
2654	20073	9	303.0
2655	20077	13	644.0
2656	20085	3	188.0
2657	20088	16	318.0
2658	20091	2	235.0
2659	20104	3	54.0
